strategy_name,rank,sharpe_ratio,information_ratio,max_drawdown,annual_turnover,risk_adjusted_score,meets_criteria
HRP_average_correlation_756,1,1.4580930281368578,0.23137036092392047,-0.2334544677918523,1.2000000000000002,46.1527760086635,True
GAT_TMFG,2,1.04970152658717,0.2371167043610324,-0.34706559302776263,1.2000000000000002,35.17065831213328,True
LSTM,3,0.4946116457628775,0.20024162714456553,-0.942778239493089,1.2000000000000002,19.200862622119175,False
GAT_MST,4,0.29854156960065575,0.08251376256608135,-0.9765211521608683,1.2000000000000002,13.643398325494111,False
EqualWeight,5,0.4057171204261395,,-0.672977575634826,1.2000000000000002,,False
MarketCapWeighted,6,1.0704704564605294,0.08016179987192752,-0.2502708425804847,1.2000000000000002,36.36344228724768,False
MeanReversion,7,0.7221596850885633,-0.054255161354603246,-0.3034364900079486,1.2000000000000002,27.056971300783417,False
