rank,strategy_name,overall_score,sharpe_ratio,information_ratio,calmar_ratio,max_drawdown,annual_turnover,statistical_significance_count,dominance_score,recommendation
1,HRP_average_correlation_756,0.45311886236501286,1.4580930281368578,0.23137036092392047,1.4025496448685393,-0.2334544677918523,1.2000000000000002,16,0.9411764705882353,Monitor
2,GAT_TMFG,0.3455707547026618,1.04970152658717,0.2371167043610324,0.8916165579302322,-0.34706559302776263,1.2000000000000002,13,0.7647058823529411,Monitor
3,MarketCapWeighted,0.3386113231175163,1.0704704564605294,0.08016179987192752,0.9090762041644029,-0.2502708425804847,1.2000000000000002,11,0.6470588235294118,Monitor
4,MeanReversion,0.23890553346058446,0.7221596850885633,-0.054255161354603246,0.47580767931169055,-0.3034364900079486,1.2000000000000002,6,0.35294117647058826,Reject
5,LSTM,0.1826529139768477,0.4946116457628775,0.20024162714456553,0.10697013921627842,-0.942778239493089,1.2000000000000002,6,0.35294117647058826,Reject
6,GAT_MST,0.12648259760158592,0.29854156960065575,0.08251376256608135,-0.13482621850093054,-0.9765211521608683,1.2000000000000002,2,0.11764705882352941,Reject
7,EqualWeight,0.12489233946719645,0.4057171204261395,,0.12480941136873744,-0.672977575634826,1.2000000000000002,3,0.25,Reject
