{
  "HRP_average_correlation_756": {
    "CAGR": 0.3274314808944363,
    "AnnMean": 0.30529954478001503,
    "AnnVol": 0.20938276151702398,
    "Sharpe": 1.4580930281368578,
    "MDD": -0.2334544677918523,
    "information_ratio": 0.23137036092392047,
    "var_95": -0.02028874584358788,
    "cvar_95": -0.02587004048569704,
    "calmar_ratio": 1.4025496448685393,
    "sortino_ratio": 1.5136452811066443,
    "omega_ratio": 1.2603367687570595,
    "rolling_sharpe_consistency": 0.9494029637743066,
    "annual_turnover": 1.2000000000000002,
    "transaction_costs": 0.0012000000000000001,
    "implementation_shortfall": 0.0012000000000000001,
    "probabilistic_sharpe": 1.0,
    "deflated_sharpe": 1.0
  },
  "LSTM": {
    "CAGR": 0.10084911952865361,
    "AnnMean": 0.3567454867119179,
    "AnnVol": 0.7212638233814369,
    "Sharpe": 0.4946116457628775,
    "MDD": -0.942778239493089,
    "information_ratio": 0.20024162714456553,
    "var_95": -0.07438475344654266,
    "cvar_95": -0.09333978197144367,
    "calmar_ratio": 0.10697013921627842,
    "sortino_ratio": 0.4976148497425402,
    "omega_ratio": 1.0806958987094621,
    "rolling_sharpe_consistency": 1.035566770934915,
    "annual_turnover": 1.2000000000000002,
    "transaction_costs": 0.0012000000000000001,
    "implementation_shortfall": 0.0012000000000000001,
    "probabilistic_sharpe": 1.0,
    "deflated_sharpe": 1.0
  },
  "GAT_MST": {
    "CAGR": -0.13166065423202167,
    "AnnMean": 0.2710481813910798,
    "AnnVol": 0.9079076717980932,
    "Sharpe": 0.29854156960065575,
    "MDD": -0.9765211521608683,
    "information_ratio": 0.08251376256608135,
    "var_95": -0.09238494554967497,
    "cvar_95": -0.11488803392768092,
    "calmar_ratio": -0.13482621850093054,
    "sortino_ratio": 0.303703002594872,
    "omega_ratio": 1.0484937718632563,
    "rolling_sharpe_consistency": 1.0177687814190768,
    "annual_turnover": 1.2000000000000002,
    "transaction_costs": 0.0012000000000000001,
    "implementation_shortfall": 0.0012000000000000001,
    "probabilistic_sharpe": 1.0,
    "deflated_sharpe": 1.0
  },
  "GAT_TMFG": {
    "CAGR": 0.3094494294314285,
    "AnnMean": 0.3146637629495617,
    "AnnVol": 0.2997649855503294,
    "Sharpe": 1.04970152658717,
    "MDD": -0.34706559302776263,
    "information_ratio": 0.2371167043610324,
    "var_95": -0.030678488117423786,
    "cvar_95": -0.03796972717058012,
    "calmar_ratio": 0.8916165579302322,
    "sortino_ratio": 1.0776626824212927,
    "omega_ratio": 1.1810150760929903,
    "rolling_sharpe_consistency": 0.9436340082055619,
    "annual_turnover": 1.2000000000000002,
    "transaction_costs": 0.0012000000000000001,
    "implementation_shortfall": 0.0012000000000000001,
    "probabilistic_sharpe": 1.0,
    "deflated_sharpe": 1.0
  },
  "EqualWeight": {
    "CAGR": 0.08399393507934261,
    "AnnMean": 0.18683815640946327,
    "AnnVol": 0.46051336510823193,
    "Sharpe": 0.4057171204261395,
    "MDD": -0.672977575634826,
    "information_ratio": NaN,
    "var_95": -0.04598130644273853,
    "cvar_95": -0.059903611649968685,
    "calmar_ratio": 0.12480941136873744,
    "sortino_ratio": 0.4101825984213201,
    "omega_ratio": 1.0662863429933331,
    "rolling_sharpe_consistency": 0.7861647110571063,
    "annual_turnover": 1.2000000000000002,
    "transaction_costs": 0.0012000000000000001,
    "implementation_shortfall": 0.0012000000000000001,
    "probabilistic_sharpe": 1.0,
    "deflated_sharpe": 1.0
  },
  "MarketCapWeighted": {
    "CAGR": 0.22751526758609386,
    "AnnMean": 0.2276696303154078,
    "AnnVol": 0.21268184370840923,
    "Sharpe": 1.0704704564605294,
    "MDD": -0.2502708425804847,
    "information_ratio": 0.08016179987192752,
    "var_95": -0.020746811693816734,
    "cvar_95": -0.026747600870573224,
    "calmar_ratio": 0.9090762041644029,
    "sortino_ratio": 1.1022804022958057,
    "omega_ratio": 1.185200581022762,
    "rolling_sharpe_consistency": 0.9836113034029953,
    "annual_turnover": 1.2000000000000002,
    "transaction_costs": 0.0012000000000000001,
    "implementation_shortfall": 0.0012000000000000001,
    "probabilistic_sharpe": 1.0,
    "deflated_sharpe": 1.0
  },
  "MeanReversion": {
    "CAGR": 0.144377412129167,
    "AnnMean": 0.159200356004787,
    "AnnVol": 0.2204503509293283,
    "Sharpe": 0.7221596850885633,
    "MDD": -0.3034364900079486,
    "information_ratio": -0.054255161354603246,
    "var_95": -0.021981399606718893,
    "cvar_95": -0.02891417115753988,
    "calmar_ratio": 0.47580767931169055,
    "sortino_ratio": 0.7307969127705883,
    "omega_ratio": 1.1208512876830932,
    "rolling_sharpe_consistency": 0.8710342978539777,
    "annual_turnover": 1.2000000000000002,
    "transaction_costs": 0.0012000000000000001,
    "implementation_shortfall": 0.0012000000000000001,
    "probabilistic_sharpe": 1.0,
    "deflated_sharpe": 1.0
  }
}