Strategy,Original_Violations,Optimized_Violations,Violations_Eliminated,Original_Avg_Turnover,Optimized_Avg_Turnover,Turnover_Reduction,Compliant
HRP,23,23,0,0.639522483412738,0.6395221784646544,3.0494808356262837e-07,False
LSTM,23,23,0,0.6490269908358729,0.649026681355687,3.0948018592269477e-07,False
GAT,23,23,0,0.6395224834127379,0.6395221784646544,3.0494808345160607e-07,False
Equal_Weight,23,23,0,0.6543474336666277,0.6543471216494571,3.1201717065609813e-07,False
Market_Cap,23,23,0,0.6871509339627139,0.6871506063036154,3.2765909852017217e-07,False
